{
	"version": 2,
	"name": "",
	"dims": {
		"width": 3840,
		"height": 2160
	},
	"roomType": "roomview",
	"shots": [
		"Shot_1"
	],
	"scene1": {
		"objects3d": [
			"surface1"
		],
		"modelUrl": "Living Room Dotinus.FBX",
		"Shot_1": {
			"position": [
				77.02587890625,
				670.6689453125,
				2006.781494140625
			],
			"target": [
				43.935791015625,
				680.5048828125,
				-502.400390625
			],
			"fov": 44
		},
		"surface1": {
			"position": [
				19.94287109375,
				2.4620919227600098,
				-819.0662231445312
			],
			"rotation": [
				-90,
				-3.1805546814635168e-15,
				-89.99998201391082
			],
			"scale": [
				7.931631,
				9.947719,
				5.703328
			]
		}
	},
	"scenes": [
		"scene1"
	],
	"hasTransparencyMask": true
}