{
	"version": 2,
	"name": "",
	"dims": {
		"width": 1920,
		"height": 1080
	},
	"roomType": "roomview",
	"shots": [
		"Shot_1"
	],
	"scene1": {
		"objects3d": [
			"surface1"
		],
		"modelUrl": "Outdoor Plutith.FBX",
		"Shot_1": {
			"position": [
				3995.35888671875,
				1216.7845458984375,
				588.279296875
			],
			"target": [
				3993.6787109375,
				949.0655517578125,
				2928.9990234375
			],
			"fov": 37
		},
		"surface1": {
			"position": [
				3976.94873046875,
				14.575424194335938,
				4596.69970703125
			],
			"rotation": [
				-89.99999999999999,
				-9.54166404439055e-15,
				-89.99998201391176
			],
			"scale": [
				0.9904179999999998,
				0.9904179999999998,
				0.9904179999999999
			]
		}
	},
	"scenes": [
		"scene1"
	],
	"hasTransparencyMask": true
}